Workbook

Sheet Instructions
A1: Workbook Instructions
A2: Follow these rules before changing an assessment answer to Verified evidence.
A4: Required operating rules
A5: 1. Management owns the control, risk decisions, system description, and assertion.
A6: 2. Do not backdate, manufacture, or silently replace evidence.
A7: 3. Use system exports, approved records, logs, tickets, and signed reviews as primary evidence.
A8: 4. Record source, filters, time zone, date range, fields, extraction date, and reconciliation method for populations.
A9: 5. Retain all required occurrences across the observation period and preserve exceptions.
A10: 6. Verified evidence means ready for auditor review. It is not an audit conclusion.
A11: 7. Use the DOCX implementation guide for domain-specific procedures, evidence expectations, and exit criteria.
A14: Workbook flow
A15: Control Matrix -> Implementation Plan -> Evidence Calendar -> Evidence Index -> Exceptions -> Dashboard

Sheet Dashboard
A1: SOC 2 Type II Readiness Workbook
A2: Consultant backend for implementation, evidence, exceptions, and operating cadence. Planning use only.
A4: Organization
A5: Assessment owner
A6: Target audit start
A7: Observation period (months)
A9: Metric | B9: Result
A10: Applicable controls | B10: =COUNTIF('Control Matrix'!F5:F65,"<>Not applicable")
A11: Verified evidence | B11: =COUNTIF('Control Matrix'!F5:F65,"Verified evidence")
A12: Critical controls below Implemented | B12: =COUNTIFS('Control Matrix'!E5:E65,"Yes",'Control Matrix'!F5:F65,"Missing or unknown")+COUNTIFS('Control Matrix'!E5:E65,"Yes",'Control Matrix'!F5:F65,"Planned")
A13: Readiness score | B13: =IFERROR(SUM('Control Matrix'!P5:P65)/(3*B10),0)
A15: Use rule | B15: Do not mark Verified evidence until the control has operated, the population is reproducible, evidence passes review, exceptions remain visible, and management signs off.

Sheet Control Matrix
A1: Control Matrix
A2: Update blue input fields. Formula scores recalculate from Status.
A4: Control ID | B4: Domain | C4: Criteria | D4: Control expectation | E4: Critical | F4: Status | G4: Management owner | H4: Operator | I4: Frequency | J4: Effective date | K4: Evidence source | L4: Evidence location | M4: Last review | N4: Next due | O4: Gap or exception | P4: Readiness score
A5: SCP-01 | B5: Scope and system description | C5: Foundational | D5: Services, infrastructure, locations, data, people, software, and procedures in scope are documented. | E5: Yes | F5: Missing or unknown | O5: Approve the system boundary and system description. | P5: =IF(F5="Verified evidence",3,IF(F5="Implemented",2,IF(F5="Planned",1,0)))
A6: SCP-02 | B6: Scope and system description | C6: Foundational | D6: Customer commitments and system requirements map to selected categories. | E6: Yes | F6: Missing or unknown | O6: Map customer commitments to the selected criteria. | P6: =IF(F6="Verified evidence",3,IF(F6="Implemented",2,IF(F6="Planned",1,0)))
A7: SCP-03 | B7: Scope and system description | C7: Foundational | D7: Subservice organizations and carve-out or inclusive treatment are documented. | E7: No | F7: Missing or unknown | O7: Document subservice organizations and their treatment. | P7: =IF(F7="Verified evidence",3,IF(F7="Implemented",2,IF(F7="Planned",1,0)))
A8: SCP-04 | B8: Scope and system description | C8: Foundational | D8: Management can support an accurate system description for the full period. | E8: Yes | F8: Missing or unknown | O8: Draft and validate the system description. | P8: =IF(F8="Verified evidence",3,IF(F8="Implemented",2,IF(F8="Planned",1,0)))
A9: GOV-01 | B9: Governance and risk management | C9: CC1, CC2, CC3, CC4, CC5, CC9 | D9: Leadership assigns security accountability and reviews control performance. | E9: Yes | F9: Missing or unknown | O9: Assign control owners and a recurring oversight review. | P9: =IF(F9="Verified evidence",3,IF(F9="Implemented",2,IF(F9="Planned",1,0)))
A10: GOV-02 | B10: Governance and risk management | C10: CC3 | D10: A current risk assessment links risks to controls and treatment decisions. | E10: Yes | F10: Missing or unknown | O10: Complete and approve a risk assessment and treatment plan. | P10: =IF(F10="Verified evidence",3,IF(F10="Implemented",2,IF(F10="Planned",1,0)))
A11: GOV-03 | B11: Governance and risk management | C11: CC1, CC2 | D11: Policies are approved, reviewed, communicated, and acknowledged. | E11: No | F11: Missing or unknown | O11: Set policy owners, approval dates, and acknowledgement evidence. | P11: =IF(F11="Verified evidence",3,IF(F11="Implemented",2,IF(F11="Planned",1,0)))
A12: GOV-04 | B12: Governance and risk management | C12: CC4, CC5 | D12: Control failures and exceptions are found, tracked, corrected, and reported. | E12: Yes | F12: Missing or unknown | O12: Create a control exception and remediation process. | P12: =IF(F12="Verified evidence",3,IF(F12="Implemented",2,IF(F12="Planned",1,0)))
A13: ACC-01 | B13: Logical and physical access | C13: CC6 | D13: Identity lifecycle procedures cover approval, provisioning, changes, termination, and review. | E13: Yes | F13: Missing or unknown | O13: Implement a traceable joiner, mover, and leaver process. | P13: =IF(F13="Verified evidence",3,IF(F13="Implemented",2,IF(F13="Planned",1,0)))
A14: ACC-02 | B14: Logical and physical access | C14: CC6 | D14: Multi-factor authentication protects workforce, privileged, cloud, and remote access. | E14: Yes | F14: Missing or unknown | O14: Close MFA coverage gaps and document exceptions. | P14: =IF(F14="Verified evidence",3,IF(F14="Implemented",2,IF(F14="Planned",1,0)))
A15: ACC-03 | B15: Logical and physical access | C15: CC6 | D15: Privileged access is limited, separately controlled, logged, and reviewed. | E15: Yes | F15: Missing or unknown | O15: Inventory and review all privileged access. | P15: =IF(F15="Verified evidence",3,IF(F15="Implemented",2,IF(F15="Planned",1,0)))
A16: ACC-04 | B16: Logical and physical access | C16: CC6 | D16: Access reviews show reviewer decisions and completed removals. | E16: Yes | F16: Missing or unknown | O16: Run an access review and retain removal proof. | P16: =IF(F16="Verified evidence",3,IF(F16="Implemented",2,IF(F16="Planned",1,0)))
... A65: P8.1 | B65: Privacy | C65: P8.1 | D65: Privacy inquiries, complaints, and disputes are resolved and tracked. | E65: Conditional | F65: Missing or unknown | O65: Implement privacy inquiry and complaint handling. | P65: =IF(F65="Verified evidence",3,IF(F65="Implemented",2,IF(F65="Planned",1,0)))

Sheet Implementation Plan
A1: Implementation Plan
A2: Use for controls below Verified evidence. Keep dates and decisions current.
A4: Priority | B4: Control ID | C4: Domain | D4: Current status | E4: Required action | F4: Owner | G4: Target date | H4: Dependency | I4: Decision or update | J4: Completion evidence | K4: Status
B5: SCP-01 | C5: Scope and system description | D5: ='Control Matrix'!F5 | E5: Approve the system boundary and system description. | K5: Not started
B6: SCP-02 | C6: Scope and system description | D6: ='Control Matrix'!F6 | E6: Map customer commitments to the selected criteria. | K6: Not started
B7: SCP-03 | C7: Scope and system description | D7: ='Control Matrix'!F7 | E7: Document subservice organizations and their treatment. | K7: Not started
B8: SCP-04 | C8: Scope and system description | D8: ='Control Matrix'!F8 | E8: Draft and validate the system description. | K8: Not started
B9: GOV-01 | C9: Governance and risk management | D9: ='Control Matrix'!F9 | E9: Assign control owners and a recurring oversight review. | K9: Not started
B10: GOV-02 | C10: Governance and risk management | D10: ='Control Matrix'!F10 | E10: Complete and approve a risk assessment and treatment plan. | K10: Not started
B11: GOV-03 | C11: Governance and risk management | D11: ='Control Matrix'!F11 | E11: Set policy owners, approval dates, and acknowledgement evidence. | K11: Not started
B12: GOV-04 | C12: Governance and risk management | D12: ='Control Matrix'!F12 | E12: Create a control exception and remediation process. | K12: Not started
B13: ACC-01 | C13: Logical and physical access | D13: ='Control Matrix'!F13 | E13: Implement a traceable joiner, mover, and leaver process. | K13: Not started
B14: ACC-02 | C14: Logical and physical access | D14: ='Control Matrix'!F14 | E14: Close MFA coverage gaps and document exceptions. | K14: Not started
B15: ACC-03 | C15: Logical and physical access | D15: ='Control Matrix'!F15 | E15: Inventory and review all privileged access. | K15: Not started
B16: ACC-04 | C16: Logical and physical access | D16: ='Control Matrix'!F16 | E16: Run an access review and retain removal proof. | K16: Not started
... B65: P8.1 | C65: Privacy | D65: ='Control Matrix'!F65 | E65: Implement privacy inquiry and complaint handling. | K65: Not started

Sheet Evidence Index
A1: Evidence Index
A2: One row per evidence item or control occurrence. Do not replace failed samples.
A4: Evidence ID | B4: Control ID | C4: Period start | D4: Period end | E4: Occurrence date | F4: Source system | G4: Population reference | H4: File or link | I4: Operator | J4: Reviewer | K4: Review date | L4: Result | M4: Exception ID | N4: Notes

Sheet Exceptions
A1: Exception Log
A2: Preserve every missed occurrence and failed readiness sample through disposition.
A4: Exception ID | B4: Control ID | C4: Detected date | D4: Description | E4: Impact | F4: Root cause | G4: Owner | H4: Decision | I4: Remediation | J4: Due date | K4: Closure evidence | L4: Closed date | M4: Residual risk approval | N4: Status

Sheet Evidence Calendar
A1: Evidence Calendar
A2: Plan every recurring control occurrence across the observation period.
A4: Control ID | B4: Control name | C4: Frequency | D4: Owner | E4: Period start | F4: Period end | G4: Next due | H4: Evidence expected | I4: Evidence location | J4: Completed date | K4: Evidence ID | L4: Exception ID | M4: Status
A5: SCP-01 | B5: Services, infrastructure, locations, data, people, software, and procedures in scope are documented. | M5: Not scheduled
A6: SCP-02 | B6: Customer commitments and system requirements map to selected categories. | M6: Not scheduled
A7: SCP-03 | B7: Subservice organizations and carve-out or inclusive treatment are documented. | M7: Not scheduled
A8: SCP-04 | B8: Management can support an accurate system description for the full period. | M8: Not scheduled
A9: GOV-01 | B9: Leadership assigns security accountability and reviews control performance. | M9: Not scheduled
A10: GOV-02 | B10: A current risk assessment links risks to controls and treatment decisions. | M10: Not scheduled
A11: GOV-03 | B11: Policies are approved, reviewed, communicated, and acknowledged. | M11: Not scheduled
A12: GOV-04 | B12: Control failures and exceptions are found, tracked, corrected, and reported. | M12: Not scheduled
A13: ACC-01 | B13: Identity lifecycle procedures cover approval, provisioning, changes, termination, and review. | M13: Not scheduled
A14: ACC-02 | B14: Multi-factor authentication protects workforce, privileged, cloud, and remote access. | M14: Not scheduled
A15: ACC-03 | B15: Privileged access is limited, separately controlled, logged, and reviewed. | M15: Not scheduled
A16: ACC-04 | B16: Access reviews show reviewer decisions and completed removals. | M16: Not scheduled
... A65: P8.1 | B65: Privacy inquiries, complaints, and disputes are resolved and tracked. | M65: Not scheduled
